ID_img,region_shape
1.JPG,0
2.JPG,0
3.JPG,0
4.JPG,0
5.JPG,0
6.JPG,0
7.JPG,0
8.JPG,0
9.JPG,0
10.JPG,0
11.JPG,0
12.JPG,0
13.JPG,0
14.JPG,0
15.JPG,0
16.JPG,0
17.JPG,0
18.JPG,0
19.JPG,0
20.JPG,0
21.JPG,0
22.JPG,0
23.JPG,0
24.JPG,0
25.JPG,0
26.JPG,0
27.JPG,0
28.JPG,0
29.JPG,0
30.JPG,0
31.JPG,0
32.JPG,0
33.JPG,0
34.JPG,0
35.JPG,0
36.JPG,0
37.JPG,0
38.JPG,0
39.JPG,0
40.JPG,0
41.JPG,0
42.JPG,0
43.JPG,0
44.JPG,0
45.JPG,0
46.JPG,0
47.JPG,0
48.JPG,0
49.JPG,0
50.JPG,0
51.JPG,0
52.JPG,0
53.JPG,0
54.JPG,0
55.JPG,0
56.JPG,0
57.JPG,0
58.JPG,0
59.JPG,0
60.JPG,0
61.JPG,0
62.JPG,0
63.JPG,0
64.jpg,0
65.JPG,0
66.jpg,0
67.JPG,0
68.JPG,0
69.JPG,0
70.JPG,0
71.JPG,0
72.JPG,0
73.JPG,0
74.JPG,0
75.JPG,0
76.JPG,0
77.JPG,0
78.JPG,0
79.JPG,0
80.JPG,0
81.JPG,0
82.JPG,0
83.JPG,0
84.JPG,0
85.JPG,0
86.JPG,0
87.JPG,0
88.JPG,0
89.JPG,0
90.JPG,0
91.JPG,0
92.JPG,0
93.JPG,0
94.JPG,0
95.JPG,0
96.JPG,0
97.JPG,0
98.JPG,0
99.JPG,0
100.JPG,0
101.JPG,0
102.JPG,0
103.JPG,0
104.JPG,0
105.JPG,0
106.JPG,0
107.JPG,0
108.JPG,0
109.JPG,0
110.JPG,0
111.JPG,0
112.JPG,0
113.JPG,0
114.JPG,0
115.JPG,0
116.JPG,0
117.JPG,0
118.JPG,0
119.JPG,0
120.JPG,0
121.JPG,0
122.JPG,0
123.JPG,0
124.JPG,0
125.JPG,0
126.JPG,0
127.JPG,0
128.JPG,0
129.JPG,0
130.JPG,0
131.JPG,0
132.JPG,0
133.JPG,0
134.JPG,0
135.JPG,0
136.JPG,0
137.JPG,0
138.JPG,0
139.JPG,0
140.JPG,0
141.JPG,0
142.JPG,0
143.JPG,0
144.JPG,0
145.JPG,0
146.JPG,0
147.JPG,0
148.JPG,0
149.JPG,0
150.JPG,0
151.JPG,0
152.JPG,0
153.JPG,0
154.JPG,0
155.JPG,0
156.JPG,0
157.JPG,0
158.JPG,0
159.JPG,0
160.JPG,0
161.JPG,0
162.JPG,0
163.JPG,0
164.JPG,0
165.JPG,0
166.JPG,0
167.JPG,0
168.JPG,0
169.JPG,0
170.JPG,0
171.JPG,0
172.JPG,0
173.JPG,0
174.JPG,0
175.JPG,0
176.JPG,0
177.JPG,0
178.JPG,0
179.JPG,0
180.JPG,0
181.JPG,0
182.JPG,0
183.JPG,0
184.JPG,0
185.JPG,0
186.JPG,0
187.JPG,0
188.JPG,0
189.JPG,0
190.JPG,0
191.JPG,0
192.JPG,0
193.JPG,0
194.JPG,0
195.JPG,0
196.JPG,0
197.JPG,0
198.JPG,0
199.JPG,0
200.JPG,0
201.JPG,0
202.JPG,0
203.JPG,0
204.JPG,0
205.JPG,0
206.JPG,0
207.JPG,0
208.JPG,0
209.JPG,0
210.JPG,0
211.JPG,0
212.JPG,0
213.JPG,0
214.JPG,0
215.JPG,0
216.JPG,0
217.JPG,0
218.JPG,0
219.JPG,0
220.JPG,0
221.JPG,0
222.JPG,0
223.JPG,0
224.JPG,0
225.JPG,0
226.JPG,0
227.JPG,0
228.JPG,0
229.JPG,0
230.JPG,0
231.JPG,0
232.JPG,0
233.JPG,0
234.JPG,0
235.JPG,0
236.JPG,0
237.JPG,0
238.JPG,0
239.JPG,0
240.JPG,0
241.JPG,0
242.JPG,0
243.JPG,0
244.JPG,0
245.JPG,0
246.JPG,0
247.JPG,0
248.JPG,0
249.JPG,0
250.JPG,0
251.JPG,0
252.JPG,0
253.JPG,0
254.JPG,0
255.JPG,0
256.JPG,0
257.JPG,0
258.JPG,0
259.JPG,0
260.JPG,0
261.JPG,0
262.JPG,0
263.JPG,0
264.JPG,0
265.JPG,0
266.JPG,0
267.JPG,0
268.JPG,0
269.JPG,0
270.JPG,0
271.JPG,0
272.JPG,0
273.JPG,0
274.JPG,0
275.JPG,0
276.JPG,0
277.JPG,0
278.JPG,0
279.JPG,0
280.JPG,0
281.JPG,0
282.JPG,0
283.JPG,0
284.JPG,0
285.JPG,0
286.JPG,0
287.JPG,0
288.JPG,0
289.JPG,0
290.JPG,0
291.JPG,0
292.jpg,0
293.JPG,0
294.JPG,0
295.JPG,0
296.JPG,0
297.JPG,0
298.JPG,0
299.JPG,0
300.JPG,0
301.JPG,0
302.JPG,0
303.JPG,0
304.JPG,0
305.JPG,0
306.JPG,0
307.JPG,0
308.JPG,0
309.JPG,0
310.JPG,0
311.JPG,0
312.JPG,0
313.JPG,0
314.JPG,0
315.JPG,0
316.JPG,0
317.jpg,0
318.JPG,0
319.JPG,0
320.JPG,0
321.JPG,0
322.JPG,0
323.JPG,0
324.JPG,0
325.JPG,0
326.JPG,0
327.JPG,0
328.JPG,0
329.JPG,0
330.JPG,0
331.JPG,0
332.JPG,0
333.JPG,0
334.JPG,0
335.JPG,0
336.JPG,0
337.jpg,0
338.JPG,0
339.JPG,0
340.JPG,0
341.JPG,0
342.JPG,0
343.JPG,0
344.JPG,0
345.JPG,0
346.JPG,0
347.JPG,0
348.JPG,0
349.JPG,0
350.JPG,0
351.JPG,0
352.JPG,0
353.JPG,0
354.JPG,0
355.JPG,0
356.JPG,0
357.JPG,0
358.JPG,0
359.JPG,0
360.JPG,0
361.JPG,0
362.JPG,0
363.JPG,0
364.JPG,0
365.JPG,0
366.JPG,0
367.JPG,0
368.JPG,0
369.JPG,0
370.JPG,0
371.JPG,0
372.JPG,0
373.JPG,0
374.JPG,0
375.JPG,0
376.JPG,0
377.JPG,0
378.JPG,0
379.JPG,0
380.JPG,0
381.JPG,0
382.JPG,0
383.JPG,0
384.JPG,0
385.JPG,0
386.JPG,0
387.JPG,0
388.JPG,0
389.JPG,0
390.JPG,0
391.JPG,0
392.JPG,0
393.JPG,0
394.JPG,0
395.JPG,0
396.JPG,0
397.JPG,0
398.JPG,0
399.JPG,0
400.JPG,0
401.JPG,0
402.JPG,0
403.JPG,0
404.JPG,0
405.JPG,0
406.JPG,0
407.JPG,0
408.JPG,0
409.JPG,0
410.JPG,0
411.JPG,0
412.JPG,0
413.JPG,0
414.JPG,0
415.JPG,0
416.JPG,0
417.JPG,0
418.JPG,0
419.JPG,0
420.JPG,0
421.JPG,0
422.JPG,0
423.JPG,0
424.JPG,0
425.JPG,0
426.JPG,0
427.JPG,0
428.JPG,0
429.JPG,0
430.JPG,0
431.JPG,0
432.JPG,0
433.JPG,0
434.JPG,0
435.JPG,0
436.JPG,0
437.JPG,0
438.JPG,0
439.JPG,0
440.JPG,0
441.JPG,0
442.JPG,0
443.JPG,0
444.JPG,0
445.JPG,0
446.JPG,0
447.JPG,0
448.JPG,0
449.JPG,0
450.JPG,0
451.JPG,0
452.JPG,0
453.JPG,0
454.JPG,0
455.JPG,0
456.JPG,0
457.JPG,0
458.JPG,0
459.JPG,0
460.JPG,0
461.JPG,0
462.JPG,0
463.JPG,0
464.JPG,0
465.JPG,0
466.JPG,0
467.JPG,0
468.JPG,0
469.JPG,0
470.JPG,0
471.JPG,0
472.JPG,0
473.JPG,0
474.JPG,0
475.JPG,0
476.JPG,0
477.JPG,0
478.JPG,0
479.JPG,0
480.JPG,0
481.JPG,0
482.JPG,0
483.JPG,0
484.JPG,0
485.JPG,0
486.JPG,0
487.JPG,0
488.JPG,0
489.JPG,0
490.JPG,0
491.JPG,0
492.JPG,0
493.JPG,0
494.JPG,0
495.JPG,0
496.JPG,0
497.JPG,0
498.JPG,0
499.JPG,0
500.JPG,0
501.JPG,0
502.JPG,0
503.JPG,0
504.JPG,0
505.JPG,0
506.JPG,0
507.JPG,0
508.JPG,0
509.JPG,0
510.JPG,0
511.JPG,0
512.JPG,0
513.JPG,0
514.JPG,0
515.JPG,0
516.JPG,0
517.JPG,0
518.JPG,0
519.JPG,0
520.JPG,0
521.JPG,0
522.JPG,0
523.JPG,0
524.jpg,0
525.JPG,0
526.JPG,0
527.JPG,0
528.JPG,0
529.JPG,0
530.JPG,0
531.JPG,0
532.JPG,0
533.JPG,0
534.JPG,0
535.JPG,0
536.JPG,0
537.JPG,0
538.JPG,0
539.JPG,0
540.JPG,0
541.JPG,0
542.JPG,0
543.JPG,0
544.JPG,0
545.JPG,0
546.JPG,0
547.JPG,0
548.JPG,0
549.JPG,0
550.JPG,0
551.JPG,0
552.JPG,0
553.JPG,0
554.JPG,0
555.JPG,0
556.JPG,0
557.JPG,0
558.JPG,0
559.JPG,0
560.JPG,0
561.JPG,0
562.JPG,0
563.JPG,0
564.JPG,0
565.JPG,0
566.JPG,0
567.JPG,0
568.JPG,0
569.JPG,0
570.JPG,0
571.JPG,0
572.JPG,0
573.JPG,0
574.JPG,0
575.JPG,0
576.JPG,0
577.JPG,0
578.JPG,0
579.JPG,0
580.JPG,0
581.JPG,0
582.JPG,0
583.JPG,0
584.JPG,0
585.JPG,0
586.JPG,0
587.JPG,0
588.JPG,0
589.JPG,0
590.JPG,0
591.JPG,0
592.JPG,0
593.JPG,0
594.JPG,0
595.JPG,0
596.JPG,0
597.JPG,0
598.JPG,0
599.JPG,0
600.JPG,0
601.JPG,0
602.JPG,0
603.JPG,0
604.JPG,0
605.JPG,0
606.JPG,0
607.JPG,0
608.JPG,0
609.JPG,0
610.JPG,0
611.JPG,0
612.JPG,0
613.JPG,0
614.JPG,0
615.JPG,0
616.JPG,0
617.JPG,0
618.JPG,0
619.JPG,0
620.JPG,0
621.JPG,0
622.JPG,0
623.JPG,0
624.JPG,0
625.JPG,0
626.JPG,0
627.JPG,0
628.JPG,0
629.JPG,0
630.JPG,0
631.JPG,0
632.JPG,0
633.JPG,0
634.JPG,0
635.JPG,0
636.JPG,0
637.JPG,0
638.JPG,0
639.JPG,0
640.JPG,0
641.JPG,0
642.JPG,0
643.JPG,0
644.JPG,0
645.JPG,0
646.JPG,0
647.JPG,0
648.JPG,0
649.JPG,0
650.JPG,0
651.JPG,0
652.JPG,0
653.JPG,0
654.JPG,0
655.JPG,0
656.JPG,0
657.JPG,0
658.JPG,0
659.JPG,0
660.JPG,0
661.JPG,0
662.JPG,0
663.JPG,0
664.JPG,0
665.JPG,0
666.JPG,0
667.JPG,0
668.JPG,0
669.JPG,0
670.JPG,0
671.JPG,0
672.JPG,0
673.JPG,0
674.JPG,0
675.JPG,0
676.JPG,0
677.JPG,0
678.JPG,0
679.JPG,0
680.JPG,0
681.JPG,0
682.JPG,0
683.JPG,0
684.JPG,0
685.JPG,0
686.JPG,0
687.JPG,0
688.JPG,0
689.JPG,0
690.JPG,0
691.JPG,0
692.JPG,0
693.JPG,0
694.JPG,0
695.JPG,0
696.JPG,0
697.JPG,0
698.JPG,0
699.JPG,0
700.JPG,0
701.JPG,0
702.JPG,0
703.JPG,0
704.JPG,0
705.JPG,0
706.JPG,0
707.JPG,0
708.JPG,0
709.JPG,0
710.JPG,0
711.JPG,0
712.JPG,0
713.JPG,0
714.JPG,0
715.JPG,0
716.JPG,0
717.JPG,0
718.JPG,0
719.JPG,0
720.JPG,0
721.JPG,0
722.JPG,0
723.JPG,0
724.JPG,0
725.JPG,0
726.JPG,0
727.JPG,0
728.JPG,0
729.JPG,0
730.jpg,0
731.JPG,0
732.JPG,0
733.JPG,0
734.JPG,0
735.JPG,0
736.JPG,0
737.JPG,0
738.JPG,0
739.JPG,0
740.JPG,0
741.JPG,0
742.JPG,0
743.JPG,0
744.JPG,0
745.JPG,0
746.JPG,0
747.JPG,0
748.JPG,0
749.JPG,0
750.JPG,0
751.JPG,0
752.JPG,0
753.JPG,0
754.JPG,0
755.JPG,0
756.JPG,0
757.JPG,0
758.JPG,0
759.JPG,0
760.JPG,0
761.JPG,0
762.JPG,0
763.JPG,0
764.JPG,0
765.JPG,0
766.JPG,0
767.JPG,0
768.JPG,0
769.JPG,0
770.JPG,0
771.JPG,0
772.JPG,0
773.JPG,0
774.JPG,0
775.JPG,0
776.JPG,0
777.JPG,0
778.JPG,0
779.JPG,0
780.JPG,0
781.JPG,0
782.JPG,0
783.JPG,0
784.JPG,0
785.JPG,0
786.JPG,0
787.JPG,0
788.JPG,0
789.JPG,0
790.JPG,0
791.JPG,0
792.JPG,0
793.JPG,0
794.JPG,0
795.JPG,0
796.JPG,0
797.JPG,0
798.JPG,0
799.JPG,0
800.JPG,0
801.JPG,0
802.JPG,0
803.JPG,0
804.JPG,0
805.JPG,0
806.JPG,0
807.JPG,0
808.JPG,0
809.JPG,0
810.JPG,0
811.JPG,0
812.JPG,0
813.JPG,0
814.JPG,0
815.JPG,0
816.JPG,0
817.JPG,0
818.JPG,0
819.JPG,0
820.JPG,0
821.JPG,0
822.JPG,0
823.JPG,0
824.JPG,0
825.JPG,0
826.JPG,0
827.JPG,0
828.JPG,0
829.JPG,0
830.JPG,0
831.JPG,0
832.JPG,0
833.JPG,0
834.JPG,0
835.JPG,0
836.JPG,0
837.JPG,0
838.JPG,0
839.JPG,0
840.JPG,0
841.JPG,0
842.JPG,0
843.JPG,0
844.JPG,0
845.JPG,0
846.JPG,0
847.JPG,0
848.JPG,0
849.JPG,0
850.JPG,0
851.JPG,0
852.JPG,0
853.JPG,0
854.JPG,0
855.JPG,0
856.JPG,0
857.JPG,0
858.JPG,0
859.jpg,0
860.JPG,0
861.JPG,0
862.JPG,0
863.JPG,0
864.JPG,0
865.JPG,0
866.JPG,0
867.JPG,0
868.JPG,0
869.JPG,0
870.JPG,0
871.JPG,0
872.JPG,0
873.JPG,0
874.JPG,0
875.JPG,0
876.JPG,0
877.JPG,0
878.JPG,0
879.JPG,0
880.JPG,0
881.JPG,0
882.JPG,0
883.JPG,0
884.JPG,0
885.JPG,0
886.JPG,0
887.JPG,0
888.JPG,0
889.JPG,0
890.JPG,0
891.JPG,0
892.JPG,0
893.JPG,0
894.JPG,0
895.JPG,0
896.JPG,0
897.JPG,0
898.JPG,0
899.JPG,0
900.JPG,0
901.JPG,0
902.JPG,0
903.JPG,0
904.JPG,0
905.JPG,0
906.JPG,0
907.JPG,0
908.JPG,0
909.JPG,0
910.JPG,0
911.JPG,0
912.JPG,0
913.JPG,0
914.JPG,0
915.JPG,0
916.JPG,0
917.JPG,0
918.JPG,0
919.JPG,0
920.JPG,0
921.JPG,0
922.JPG,0
923.JPG,0
924.JPG,0
925.JPG,0
926.JPG,0
927.JPG,0
928.JPG,0
929.JPG,0
930.JPG,0
931.JPG,0
932.JPG,0
933.JPG,0
934.JPG,0
935.JPG,0
936.JPG,0
937.JPG,0
938.JPG,0
939.JPG,0
940.JPG,0
941.JPG,0
942.JPG,0
943.JPG,0
944.JPG,0
945.JPG,0
946.JPG,0
947.JPG,0
948.JPG,0
949.JPG,0
950.JPG,0
951.JPG,0
952.JPG,0
953.JPG,0
954.JPG,0
955.JPG,0
956.JPG,0
957.JPG,0
958.JPG,0
959.JPG,0
960.JPG,0
961.JPG,0
962.JPG,0
963.JPG,0
964.JPG,0
965.JPG,0
966.JPG,0
967.JPG,0
968.JPG,0
969.JPG,0
970.JPG,0
971.JPG,0
972.JPG,0
973.JPG,0
974.JPG,0
975.JPG,0
976.JPG,0
977.JPG,0
978.JPG,0
979.JPG,0
980.JPG,0
981.JPG,0
982.JPG,0
983.JPG,0
984.JPG,0
985.JPG,0
986.JPG,0
987.JPG,0
988.JPG,0
989.JPG,0
990.JPG,0
991.JPG,0
992.JPG,0
993.JPG,0
994.JPG,0
995.JPG,0
996.JPG,0
997.JPG,0
998.JPG,0
999.JPG,0
1000.JPG,0
1001.JPG,0
1002.JPG,0
1003.JPG,0
1004.JPG,0
1005.JPG,0
1006.JPG,0
1007.JPG,0
1008.JPG,0
1009.JPG,0
1010.JPG,0
1011.JPG,0
1012.JPG,0
1013.JPG,0
1014.JPG,0
1015.JPG,0
1016.JPG,0
1017.JPG,0
1018.JPG,0
1019.JPG,0
1020.JPG,0
1021.JPG,0
1022.JPG,0
1023.JPG,0
1024.JPG,0
1025.JPG,0
1026.JPG,0
1027.JPG,0
1028.JPG,0
1029.JPG,0
1030.JPG,0
1031.JPG,0
1032.JPG,0
1033.JPG,0
1034.JPG,0
1035.JPG,0
1036.JPG,0
1037.jpg,0
1038.JPG,0
1039.JPG,0
1040.JPG,0
1041.JPG,0
1042.JPG,0
1043.JPG,0
1044.JPG,0
1045.JPG,0
1046.JPG,0
1047.JPG,0
1048.JPG,0
1049.JPG,0
1050.JPG,0
1051.JPG,0
1052.JPG,0
1053.JPG,0
1054.JPG,0
1055.JPG,0
1056.JPG,0
1057.JPG,0
1058.JPG,0
1059.JPG,0
1060.JPG,0
1061.JPG,0
1062.JPG,0
1063.JPG,0
1064.JPG,0
1065.JPG,0
1066.JPG,0
1067.JPG,0
1068.JPG,0
1069.JPG,0
1070.JPG,0
1071.JPG,0
1072.JPG,0
1073.JPG,0
1074.JPG,0
1075.JPG,0
1076.JPG,0
1077.JPG,0
1078.JPG,0
1079.JPG,0
1080.JPG,0
1081.JPG,0
1082.JPG,0
1083.JPG,0
1084.JPG,0
1085.JPG,0
1086.JPG,0
1087.JPG,0
1088.JPG,0
1089.JPG,0
1090.JPG,0
1091.JPG,0
1092.JPG,0
1093.JPG,0
1094.JPG,0
1095.JPG,0
1096.JPG,0
1097.JPG,0
1098.JPG,0
1099.JPG,0
1100.JPG,0
1101.JPG,0
1102.JPG,0
1103.JPG,0
1104.JPG,0
1105.JPG,0
1106.JPG,0
1107.JPG,0
1108.JPG,0
1109.JPG,0
1110.JPG,0
1111.JPG,0
1112.JPG,0
1113.JPG,0
1114.JPG,0
1115.JPG,0
1116.JPG,0
1117.JPG,0
1118.JPG,0
1119.JPG,0
1120.JPG,0
1121.JPG,0
1122.JPG,0
1123.JPG,0
1124.JPG,0
1125.JPG,0
1126.JPG,0
1127.JPG,0
1128.JPG,0
1129.JPG,0
1130.JPG,0
1131.JPG,0
1132.JPG,0
1133.JPG,0
1134.JPG,0
1135.JPG,0
1136.JPG,0
1137.JPG,0
1138.JPG,0
1139.JPG,0
1140.JPG,0
1141.JPG,0
1142.JPG,0
1143.JPG,0
1144.JPG,0
1145.JPG,0
1146.JPG,0
1147.JPG,0
1148.JPG,0
1149.JPG,0
1150.JPG,0
1151.JPG,0
1152.JPG,0
1153.JPG,0
1154.JPG,0
1155.JPG,0
1156.JPG,0
1157.JPG,0
1158.JPG,0
1159.JPG,0
1160.JPG,0
1161.JPG,0
1162.JPG,0
1163.JPG,0
1164.JPG,0
1165.JPG,0
1166.JPG,0
1167.JPG,0
1168.JPG,0
1169.JPG,0
1170.JPG,0
1171.JPG,0
1172.JPG,0
1173.JPG,0
1174.JPG,0
1175.JPG,0
1176.JPG,0
1177.JPG,0
1178.JPG,0
1179.JPG,0
1180.JPG,0
1181.JPG,0
1182.JPG,0
1183.JPG,0
1184.JPG,0
1185.JPG,0
1186.JPG,0
1187.JPG,0
1188.JPG,0
1189.JPG,0
1190.JPG,0
1191.JPG,0
1192.JPG,0
1193.JPG,0
1194.JPG,0
1195.JPG,0
1196.JPG,0
1197.JPG,0
1198.JPG,0
1199.JPG,0
1200.JPG,0
1201.JPG,0
1202.JPG,0
1203.JPG,0
1204.JPG,0
1205.JPG,0
1206.JPG,0
1207.JPG,0
1208.JPG,0
1209.JPG,0
1210.JPG,0
1211.JPG,0
1212.JPG,0
1213.JPG,0
1214.JPG,0
1215.JPG,0
1216.JPG,0
1217.JPG,0
1218.JPG,0
1219.JPG,0
1220.JPG,0
1221.JPG,0
1222.JPG,0
1223.JPG,0
1224.JPG,0
1225.JPG,0
1226.JPG,0
1227.JPG,0
1228.JPG,0
1229.JPG,0
1230.JPG,0
1231.JPG,0
1232.JPG,0
1233.JPG,0
1234.JPG,0
1235.JPG,0
1236.JPG,0
1237.JPG,0
1238.JPG,0
1239.JPG,0
1240.JPG,0
1241.JPG,0
1242.JPG,0
1243.JPG,0
1244.JPG,0
1245.JPG,0
1246.JPG,0
1247.JPG,0
1248.JPG,0
1249.JPG,0
1250.JPG,0
1251.JPG,0
1252.JPG,0
1253.JPG,0
1254.JPG,0
1255.JPG,0
1256.JPG,0
1257.JPG,0
1258.JPG,0
1259.JPG,0
1260.JPG,0
1261.JPG,0
1262.JPG,0
1263.JPG,0
1264.JPG,0
1265.jpg,0
1266.JPG,0
1267.JPG,0
1268.JPG,0
1269.JPG,0
1270.JPG,0
1271.JPG,0
1272.JPG,0
1273.JPG,0
1274.JPG,0
1275.JPG,0
1276.JPG,0
1277.JPG,0
1278.JPG,0
1279.JPG,0
1280.JPG,0
1281.JPG,0
1282.JPG,0
1283.JPG,0
1284.JPG,0
1285.JPG,0
1286.JPG,0
1287.JPG,0
1288.JPG,0
1289.JPG,0
1290.JPG,0
1291.JPG,0
1292.JPG,0
1293.JPG,0
1294.JPG,0
1295.JPG,0
1296.JPG,0
1297.JPG,0
1298.JPG,0
1299.JPG,0
1300.JPG,0
1301.JPG,0
1302.JPG,0
1303.JPG,0
1304.JPG,0
1305.JPG,0
1306.JPG,0
1307.JPG,0
1308.JPG,0
1309.JPG,0
1310.JPG,0
1311.JPG,0
1312.JPG,0
1313.JPG,0
1314.JPG,0
1315.JPG,0
1316.JPG,0
1317.JPG,0
1318.JPG,0
1319.JPG,0
1320.JPG,0
1321.JPG,0
1322.JPG,0
1323.JPG,0
1324.JPG,0
1325.JPG,0
1326.JPG,0
1327.JPG,0
1328.JPG,0
1329.JPG,0
1330.JPG,0
1331.JPG,0
1332.JPG,0
1333.JPG,0
1334.JPG,0
1335.JPG,0
1336.JPG,0
1337.JPG,0
1338.JPG,0
1339.JPG,0
1340.JPG,0
1341.JPG,0
1342.JPG,0
1343.JPG,0
1344.JPG,0
1345.JPG,0
1346.JPG,0
1347.JPG,0
1348.JPG,0
1349.JPG,0
1350.JPG,0
1351.JPG,0
1352.JPG,0
1353.JPG,0
1354.JPG,0
1355.JPG,0
1356.JPG,0
1357.JPG,0
1358.JPG,0
1359.JPG,0
1360.JPG,0
1361.JPG,0
1362.JPG,0
1363.JPG,0
1364.JPG,0
1365.JPG,0
1366.JPG,0
1367.JPG,0
1368.JPG,0
1369.JPG,0
1370.JPG,0
1371.jpg,0
1372.JPG,0
1373.JPG,0
1374.JPG,0
1375.JPG,0
1376.JPG,0
1377.JPG,0
1378.JPG,0
1379.JPG,0
1380.JPG,0
1381.JPG,0
1382.JPG,0
1383.JPG,0
1384.JPG,0
1385.JPG,0
1386.JPG,0
1387.JPG,0
1388.JPG,0
1389.JPG,0
1390.JPG,0
1391.JPG,0
1392.JPG,0
1393.JPG,0
1394.JPG,0
1395.JPG,0
1396.JPG,0
1397.JPG,0
1398.JPG,0
1399.JPG,0
1400.JPG,0
1401.JPG,0
1402.JPG,0
1403.JPG,0
1404.JPG,0
1405.JPG,0
1406.JPG,0
1407.JPG,0
1408.JPG,0
1409.JPG,0
1410.JPG,0
1411.JPG,0
1412.JPG,0
1413.JPG,0
1414.JPG,0
1415.JPG,0
1416.JPG,0
1417.JPG,0
1418.JPG,0
1419.JPG,0
1420.JPG,0
1421.JPG,0
1422.JPG,0
1423.JPG,0
1424.JPG,0
1425.JPG,0
1426.JPG,0
1427.JPG,0
1428.JPG,0
1429.JPG,0
1430.JPG,0
1431.JPG,0
1432.JPG,0
1433.JPG,0
1434.JPG,0
1435.JPG,0
1436.JPG,0
1437.JPG,0
1438.JPG,0
1439.JPG,0
1440.JPG,0
1441.JPG,0
1442.JPG,0
1443.JPG,0
1444.JPG,0
1445.JPG,0
1446.JPG,0
1447.JPG,0
1448.JPG,0
1449.JPG,0
1450.JPG,0
1451.JPG,0
1452.JPG,0
1453.JPG,0
1454.JPG,0
1455.JPG,0
1456.JPG,0
1457.JPG,0
1458.JPG,0
1459.JPG,0
1460.JPG,0
1461.JPG,0
1462.JPG,0
1463.JPG,0
1464.JPG,0
1465.JPG,0
1466.JPG,0
1467.JPG,0
1468.JPG,0
1469.JPG,0
1470.JPG,0
1471.JPG,0
1472.JPG,0
1473.jpg,0
1474.JPG,0
1475.JPG,0
1476.JPG,0
1477.JPG,0
1478.JPG,0
1479.JPG,0
1480.JPG,0
1481.JPG,0
1482.JPG,0
1483.JPG,0
1484.JPG,0
1485.JPG,0
1486.JPG,0
1487.JPG,0
1488.JPG,0
1489.JPG,0
1490.JPG,0
1491.JPG,0
1492.JPG,0
1493.JPG,0
1494.JPG,0
1495.JPG,0
1496.JPG,0
1497.JPG,0
1498.JPG,0
1499.JPG,0
1500.JPG,0
1501.JPG,0
1502.JPG,0
1503.JPG,0
1504.JPG,0
1505.JPG,0
1506.JPG,0
1507.JPG,0
1508.JPG,0
1509.JPG,0
1510.JPG,0
1511.JPG,0
1512.JPG,0
1513.JPG,0
1514.JPG,0
1515.JPG,0
1516.JPG,0
1517.JPG,0
1518.JPG,0
1519.JPG,0
1520.JPG,0
1521.JPG,0
1522.JPG,0
1523.JPG,0
1524.JPG,0
1525.JPG,0
1526.JPG,0
1527.JPG,0
1528.JPG,0
1529.JPG,0
1530.JPG,0
1531.JPG,0
1532.JPG,0
1533.JPG,0
1534.JPG,0
1535.JPG,0
1536.JPG,0
1537.JPG,0
1538.JPG,0
1539.JPG,0
1540.JPG,0
1541.JPG,0
1542.JPG,0
1543.JPG,0
1544.JPG,0
1545.JPG,0
1546.JPG,0
1547.JPG,0
1548.JPG,0
1549.JPG,0
1550.jpg,0
1551.JPG,0
1552.JPG,0
1553.JPG,0
1554.JPG,0
1555.JPG,0
1556.JPG,0
1557.JPG,0
1558.JPG,0
1559.JPG,0
1560.JPG,0
1561.JPG,0
1562.JPG,0
1563.JPG,0
1564.JPG,0
1565.JPG,0
1566.JPG,0
1567.JPG,0
1568.JPG,0
1569.JPG,0
1570.JPG,0
1571.JPG,0
1572.JPG,0
1573.JPG,0
1574.JPG,0
1575.JPG,0
1576.JPG,0
1577.JPG,0
1578.JPG,0
1579.JPG,0
1580.JPG,0
1581.JPG,0
1582.JPG,0
1583.JPG,0
1584.JPG,0
1585.JPG,0
1586.JPG,0
1587.JPG,0
1588.JPG,0
1589.JPG,0
1590.JPG,0
1591.JPG,0
1592.JPG,0
1593.JPG,0
1594.JPG,0
1595.JPG,0
1596.JPG,0
1597.JPG,0
1598.JPG,0
1599.JPG,0
1600.JPG,0
1601.JPG,0
1602.JPG,0
1603.JPG,0
1604.JPG,0
1605.JPG,0
1606.JPG,0
1607.JPG,0
1608.JPG,0
1609.JPG,0
1610.JPG,0
1611.JPG,0
1612.JPG,0
1613.JPG,0
1614.JPG,0
1615.JPG,0
1616.JPG,0
1617.JPG,0
1618.JPG,0
1619.JPG,0
1620.JPG,0
1621.JPG,0
1622.JPG,0
1623.JPG,0
1624.JPG,0
1625.JPG,0
1626.JPG,0
1627.JPG,0
1628.JPG,0
1629.JPG,0
1630.JPG,0
1631.JPG,0
1632.JPG,0
1633.JPG,0
1634.JPG,0
1635.JPG,0
1636.JPG,0
1637.JPG,0
1638.JPG,0
1639.JPG,0
1640.JPG,0
1641.JPG,0
1642.JPG,0
1643.JPG,0
1644.JPG,0
1645.JPG,0
1646.JPG,0
1647.JPG,0
1648.JPG,0
1649.JPG,0
1650.JPG,0
1651.JPG,0
1652.jpg,0
1653.JPG,0
1654.JPG,0
1655.JPG,0
1656.JPG,0
1657.JPG,0
1658.JPG,0
1659.JPG,0
1660.JPG,0
1661.JPG,0
1662.JPG,0
1663.JPG,0
1664.JPG,0
1665.JPG,0
1666.JPG,0
1667.JPG,0
1668.JPG,0
1669.JPG,0
1670.JPG,0
1671.JPG,0
1672.JPG,0
1673.JPG,0
1674.JPG,0
1675.JPG,0
1676.JPG,0
1677.JPG,0
1678.JPG,0
1679.JPG,0
1680.JPG,0
1681.JPG,0
1682.JPG,0
1683.JPG,0
1684.JPG,0
1685.JPG,0
1686.JPG,0
1687.JPG,0
1688.JPG,0
1689.JPG,0
1690.JPG,0
1691.JPG,0
1692.JPG,0
1693.jpg,0
1694.JPG,0
1695.JPG,0
1696.JPG,0
1697.JPG,0
1698.JPG,0
1699.JPG,0
1700.JPG,0
1701.JPG,0
1702.JPG,0
1703.JPG,0
1704.JPG,0
1705.JPG,0
1706.JPG,0
1707.JPG,0
1708.JPG,0
1709.JPG,0
1710.JPG,0
1711.JPG,0
1712.JPG,0
1713.JPG,0
1714.JPG,0
1715.JPG,0
1716.JPG,0
1717.JPG,0
1718.JPG,0
1719.JPG,0
1720.JPG,0
1721.JPG,0
1722.JPG,0
1723.JPG,0
1724.JPG,0
1725.JPG,0
1726.JPG,0
1727.JPG,0
1728.JPG,0
1729.JPG,0
1730.JPG,0
1731.JPG,0
1732.JPG,0
1733.JPG,0
1734.JPG,0
1735.JPG,0
1736.JPG,0
1737.JPG,0
1738.JPG,0
1739.JPG,0
1740.JPG,0
1741.JPG,0
1742.JPG,0
1743.JPG,0
1744.JPG,0
1745.JPG,0
1746.JPG,0
1747.JPG,0
1748.JPG,0
1749.JPG,0
1750.JPG,0
1751.JPG,0
1752.JPG,0
1753.JPG,0
1754.JPG,0
1755.JPG,0
1756.JPG,0
1757.JPG,0
1758.JPG,0
1759.JPG,0
1760.JPG,0
1761.JPG,0
1762.JPG,0
1763.JPG,0
1764.JPG,0
1765.JPG,0
1766.JPG,0
1767.JPG,0
1768.JPG,0
1769.JPG,0
1770.JPG,0
1771.JPG,0
1772.JPG,0
1773.JPG,0
1774.JPG,0
1775.JPG,0
1776.JPG,0
1777.JPG,0
1778.JPG,0
1779.JPG,0
1780.JPG,0
1781.JPG,0
1782.JPG,0
1783.JPG,0
1784.JPG,0
1785.JPG,0
1786.JPG,0
1787.JPG,0
1788.JPG,0
1789.JPG,0
1790.JPG,0
1791.JPG,0
1792.JPG,0
1793.JPG,0
1794.JPG,0
1795.JPG,0
1796.JPG,0
1797.JPG,0
1798.JPG,0
1799.JPG,0
1800.JPG,0
1801.JPG,0
1802.JPG,0
1803.JPG,0
1804.JPG,0
1805.JPG,0
1806.JPG,0
1807.JPG,0
1808.JPG,0
1809.JPG,0
1810.JPG,0
1811.JPG,0
1812.JPG,0
1813.JPG,0
1814.JPG,0
1815.JPG,0
1816.JPG,0
1817.JPG,0
1818.JPG,0
1819.JPG,0
1820.JPG,0
1821.JPG,0
1822.JPG,0
1823.JPG,0
1824.JPG,0
1825.JPG,0
1826.JPG,0
1827.JPG,0
1828.JPG,0
1829.JPG,0
1830.JPG,0
1831.JPG,0
1832.JPG,0
1833.JPG,0
1834.JPG,0
1835.JPG,0
1836.JPG,0
1837.JPG,0
1838.JPG,0
1839.JPG,0
1840.JPG,0
1841.JPG,0
1842.JPG,0
1843.JPG,0
1844.JPG,0
1845.JPG,0
1846.JPG,0
1847.JPG,0
1848.JPG,0
1849.JPG,0
1850.JPG,0
1851.JPG,0
1852.JPG,0
1853.JPG,0
1854.JPG,0
1855.JPG,0
1856.JPG,0
1857.JPG,0
1858.JPG,0
1859.JPG,0
1860.JPG,0
1861.JPG,0
1862.JPG,0
1863.JPG,0
1864.JPG,0
1865.JPG,0
1866.JPG,0
1867.JPG,0
1868.JPG,0
1869.JPG,0
1870.JPG,0
1871.JPG,0
1872.JPG,0
1873.JPG,0
1874.JPG,0
1875.JPG,0
1876.JPG,0
1877.JPG,0
1878.JPG,0
1879.JPG,0
1880.JPG,0
1881.JPG,0
1882.JPG,0
1883.JPG,0
1884.JPG,0
1885.JPG,0
1886.JPG,0
1887.JPG,0
1888.JPG,0
1889.JPG,0
1890.JPG,0
1891.JPG,0
1892.JPG,0
1893.JPG,0
1894.JPG,0
1895.JPG,0
1896.JPG,0
1897.JPG,0
1898.JPG,0
1899.JPG,0
1900.JPG,0
1901.JPG,0
1902.JPG,0
1903.JPG,0
1904.JPG,0
1905.JPG,0
1906.JPG,0
1907.JPG,0
1908.JPG,0
1909.JPG,0
1910.JPG,0
1911.JPG,0
1912.JPG,0
1913.JPG,0
1914.JPG,0
1915.JPG,0
1916.JPG,0
1917.JPG,0
1918.JPG,0
1919.JPG,0
1920.JPG,0
1921.JPG,0
1922.JPG,0
1923.JPG,0
1924.JPG,0
1925.JPG,0
1926.JPG,0
1927.JPG,0
1928.JPG,0
1929.JPG,0
1930.JPG,0
1931.JPG,0
1932.JPG,0
1933.JPG,0
1934.JPG,0
1935.jpg,0
1936.JPG,0
1937.JPG,0
1938.JPG,0
1939.JPG,0
1940.JPG,0
1941.JPG,0
1942.JPG,0
1943.JPG,0
1944.JPG,0
1945.JPG,0
1946.JPG,0
1947.JPG,0
1948.JPG,0
1949.JPG,0
1950.JPG,0
1951.JPG,0
1952.JPG,0
1953.JPG,0
1954.JPG,0
1955.JPG,0
1956.JPG,0
1957.JPG,0
1958.JPG,0
1959.JPG,0
1960.JPG,0
1961.JPG,0
1962.JPG,0
1963.JPG,0
1964.JPG,0
1965.JPG,0
1966.JPG,0
1967.JPG,0
1968.JPG,0
1969.JPG,0
1970.JPG,0
1971.JPG,0
1972.JPG,0
1973.JPG,0
1974.JPG,0
1975.JPG,0
1976.JPG,0
1977.JPG,0
1978.JPG,0
1979.JPG,0
1980.JPG,0
1981.JPG,0
1982.JPG,0
1983.JPG,0
1984.JPG,0
1985.JPG,0
1986.JPG,0
1987.JPG,0
1988.JPG,0
1989.JPG,0
1990.JPG,0
1991.JPG,0
1992.JPG,0
1993.JPG,0
1994.JPG,0
1995.JPG,0
1996.JPG,0
1997.JPG,0
1998.JPG,0
1999.JPG,0
2000.JPG,0
2001.JPG,0
2002.JPG,0
2003.JPG,0
2004.JPG,0
2005.JPG,0
2006.JPG,0
2007.JPG,0
2008.JPG,0
2009.JPG,0
2010.JPG,0
2011.JPG,0
2012.JPG,0
2013.JPG,0
2014.JPG,0
2015.JPG,0
2016.JPG,0
2017.JPG,0
2018.JPG,0
2019.JPG,0
2020.JPG,0
2021.JPG,0
2022.JPG,0
2023.JPG,0
2024.JPG,0
2025.JPG,0
2026.JPG,0
2027.JPG,0
2028.JPG,0
2029.JPG,0
2030.JPG,0
2031.JPG,0
2032.JPG,0
2033.JPG,0
2034.JPG,0
2035.JPG,0
2036.JPG,0
2037.JPG,0
2038.JPG,0
2039.JPG,0
2040.JPG,0
2041.JPG,0
2042.JPG,0
2043.JPG,0
2044.JPG,0
2045.JPG,0
2046.JPG,0
2047.JPG,0
2048.JPG,0
2049.JPG,0
2050.JPG,0
2051.JPG,0
2052.JPG,0
2053.JPG,0
2054.JPG,0
2055.JPG,0
2056.JPG,0
2057.JPG,0
2058.JPG,0
2059.JPG,0
2060.JPG,0
2061.JPG,0
2062.JPG,0
2063.JPG,0
2064.JPG,0
2065.JPG,0
2066.JPG,0
2067.JPG,0
2068.JPG,0
2069.JPG,0
2070.JPG,0
2071.JPG,0
2072.JPG,0
2073.JPG,0
2074.JPG,0
2075.JPG,0
2076.JPG,0
2077.JPG,0
2078.JPG,0
2079.JPG,0
2080.JPG,0
2081.JPG,0
2082.JPG,0
2083.JPG,0
2084.JPG,0
2085.JPG,0
2086.JPG,0
2087.JPG,0
2088.JPG,0
2089.JPG,0
2090.JPG,0
2091.JPG,0
2092.JPG,0
2093.JPG,0
2094.JPG,0
2095.JPG,0
2096.JPG,0
2097.JPG,0
2098.JPG,0
2099.JPG,0
2100.JPG,0
2101.JPG,0
2102.JPG,0
2103.JPG,0
2104.JPG,0
2105.JPG,0
2106.JPG,0
2107.JPG,0
2108.JPG,0
2109.JPG,0
2110.JPG,0
2111.JPG,0
2112.JPG,0
2113.JPG,0
2114.JPG,0
2115.JPG,0
2116.JPG,0
2117.JPG,0
2118.JPG,0
2119.JPG,0
2120.JPG,0
2121.JPG,0
2122.JPG,0
2123.JPG,0
2124.JPG,0
2125.JPG,0
2126.JPG,0
2127.JPG,0
2128.JPG,0
2129.JPG,0
2130.JPG,0
2131.JPG,0
2132.JPG,0
2133.JPG,0
2134.JPG,0
2135.JPG,0
2136.JPG,0
2137.JPG,0
2138.JPG,0
2139.JPG,0
2140.JPG,0
2141.JPG,0
2142.JPG,0
2143.JPG,0
2144.JPG,0
2145.JPG,0
2146.JPG,0
2147.JPG,0
2148.JPG,0
2149.JPG,0
2150.JPG,0
2151.JPG,0
2152.JPG,0
2153.JPG,0
2154.JPG,0
2155.JPG,0
2156.JPG,0
2157.JPG,0
2158.JPG,0
2159.JPG,0
2160.JPG,0
2161.JPG,0
2162.JPG,0
2163.JPG,0
2164.JPG,0
2165.JPG,0
2166.JPG,0
2167.JPG,0
2168.JPG,0
2169.JPG,0
2170.JPG,0
2171.JPG,0
2172.JPG,0
2173.JPG,0
2174.JPG,0
2175.JPG,0
2176.JPG,0
2177.JPG,0
2178.JPG,0
2179.JPG,0
2180.JPG,0
2181.JPG,0
2182.JPG,0
2183.JPG,0
2184.JPG,0
2185.JPG,0
2186.JPG,0
2187.JPG,0
2188.JPG,0
2189.JPG,0
2190.jpg,0
2191.JPG,0
2192.JPG,0
2193.JPG,0
2194.JPG,0
2195.JPG,0
2196.JPG,0
2197.JPG,0
2198.JPG,0
2199.JPG,0
2200.JPG,0
2201.JPG,0
2202.JPG,0
2203.JPG,0
2204.JPG,0
2205.JPG,0
2206.JPG,0
2207.JPG,0
2208.JPG,0
2209.JPG,0
2210.JPG,0
2211.JPG,0
2212.JPG,0
2213.JPG,0
2214.JPG,0
2215.JPG,0
2216.JPG,0
2217.JPG,0
2218.JPG,0
2219.JPG,0
2220.JPG,0
2221.JPG,0
2222.JPG,0
2223.JPG,0
2224.JPG,0
2225.JPG,0
2226.JPG,0
2227.JPG,0
2228.JPG,0
2229.JPG,0
2230.JPG,0
2231.JPG,0
2232.JPG,0
2233.JPG,0
2234.JPG,0
2235.JPG,0
2236.JPG,0
2237.JPG,0
2238.JPG,0
2239.JPG,0
2240.JPG,0
2241.JPG,0
2242.JPG,0
2243.JPG,0
2244.jpg,0
2245.JPG,0
2246.JPG,0
2247.JPG,0
2248.JPG,0
2249.JPG,0
2250.JPG,0
2251.JPG,0
2252.JPG,0
2253.JPG,0
2254.JPG,0
2255.JPG,0
2256.JPG,0
2257.JPG,0
2258.JPG,0
2259.JPG,0
2260.JPG,0
2261.JPG,0
2262.JPG,0
2263.JPG,0
2264.JPG,0
2265.JPG,0
2266.JPG,0
2267.JPG,0
2268.JPG,0
2269.jpg,0
2270.JPG,0
2271.JPG,0
2272.JPG,0
2273.JPG,0
2274.JPG,0
2275.JPG,0
2276.JPG,0
2277.JPG,0
2278.JPG,0
2279.JPG,0
2280.JPG,0
2281.JPG,0
2282.JPG,0
2283.JPG,0
2284.JPG,0
2285.JPG,0
2286.JPG,0
2287.JPG,0
2288.JPG,0
2289.JPG,0
2290.JPG,0
2291.JPG,0
2292.JPG,0
2293.JPG,0
2294.JPG,0
2295.JPG,0
2296.JPG,0
2297.JPG,0
2298.JPG,0
2299.JPG,0
2300.JPG,0
2301.JPG,0
2302.JPG,0
2303.JPG,0
2304.JPG,0
2305.JPG,0
2306.JPG,0
2307.JPG,0
2308.JPG,0
2309.JPG,0
2310.JPG,0
2311.JPG,0
2312.JPG,0
2313.JPG,0
2314.JPG,0
2315.JPG,0
2316.JPG,0
2317.JPG,0
2318.JPG,0
2319.JPG,0
2320.JPG,0
2321.JPG,0
2322.JPG,0
2323.JPG,0
2324.JPG,0
2325.JPG,0
2326.JPG,0
2327.JPG,0
2328.JPG,0
2329.JPG,0
2330.JPG,0
2331.JPG,0
2332.JPG,0
2333.JPG,0
2334.JPG,0
2335.JPG,0
2336.JPG,0
2337.JPG,0
2338.JPG,0
2339.JPG,0
2340.JPG,0
2341.JPG,0
2342.JPG,0
2343.JPG,0
2344.JPG,0
2345.JPG,0
2346.JPG,0
2347.JPG,0
2348.JPG,0
2349.JPG,0
2350.JPG,0
2351.JPG,0
2352.JPG,0
2353.JPG,0
2354.JPG,0
2355.JPG,0
2356.JPG,0
2357.JPG,0
2358.JPG,0
2359.JPG,0
2360.JPG,0
2361.JPG,0
2362.JPG,0
2363.JPG,0
2364.JPG,0
2365.JPG,0
2366.JPG,0
2367.JPG,0
2368.JPG,0
2369.JPG,0
2370.JPG,0
2371.JPG,0
2372.JPG,0
2373.JPG,0
2374.JPG,0
2375.JPG,0
2376.JPG,0
2377.JPG,0
2378.JPG,0
2379.JPG,0
2380.JPG,0
2381.JPG,0
2382.JPG,0
2383.JPG,0
2384.JPG,0
2385.JPG,0
2386.JPG,0
2387.JPG,0
2388.JPG,0
2389.JPG,0
2390.JPG,0
2391.JPG,0
2392.JPG,0
2393.JPG,0
2394.JPG,0
2395.JPG,0
2396.JPG,0
2397.JPG,0
2398.JPG,0
2399.JPG,0
2400.JPG,0
2401.JPG,0
2402.JPG,0
2403.JPG,0
2404.JPG,0
2405.JPG,0
2406.JPG,0
2407.JPG,0
2408.JPG,0
2409.JPG,0
2410.JPG,0
2411.JPG,0
2412.JPG,0
2413.JPG,0
2414.JPG,0
2415.JPG,0
2416.JPG,0
2417.JPG,0
2418.JPG,0
2419.JPG,0
2420.JPG,0
2421.JPG,0
2422.JPG,0
2423.JPG,0
2424.JPG,0
2425.JPG,0
2426.JPG,0
2427.JPG,0
2428.JPG,0
2429.JPG,0
2430.JPG,0
2431.JPG,0
2432.JPG,0
2433.JPG,0
2434.JPG,0
2435.JPG,0
2436.JPG,0
2437.JPG,0
2438.JPG,0
2439.JPG,0
2440.JPG,0
2441.JPG,0
2442.JPG,0
2443.JPG,0
2444.JPG,0
2445.JPG,0
2446.JPG,0
2447.JPG,0
2448.JPG,0
2449.JPG,0
2450.JPG,0
2451.JPG,0
2452.JPG,0
2453.JPG,0
2454.JPG,0
2455.JPG,0
2456.JPG,0
2457.JPG,0
2458.JPG,0
2459.jpg,0
2460.JPG,0
2461.JPG,0
2462.JPG,0
2463.JPG,0
2464.JPG,0
2465.JPG,0
2466.JPG,0
2467.JPG,0
2468.JPG,0
2469.JPG,0
2470.JPG,0
2471.JPG,0
2472.JPG,0
2473.JPG,0
2474.JPG,0
2475.JPG,0
2476.JPG,0
2477.JPG,0
2478.JPG,0
2479.JPG,0
2480.JPG,0
2481.JPG,0
2482.JPG,0
2483.JPG,0
2484.JPG,0
2485.JPG,0
2486.JPG,0
2487.JPG,0
2488.JPG,0
2489.JPG,0
2490.JPG,0
2491.JPG,0
2492.JPG,0
2493.JPG,0
2494.JPG,0
2495.JPG,0
2496.JPG,0
2497.JPG,0
2498.JPG,0
2499.JPG,0
2500.JPG,0
2501.JPG,0
2502.JPG,0
2503.JPG,0
2504.JPG,0
2505.JPG,0
2506.JPG,0
2507.JPG,0
2508.JPG,0
2509.JPG,0
2510.JPG,0
2511.JPG,0
2512.JPG,0
2513.JPG,0
2514.JPG,0
2515.JPG,0
2516.JPG,0
2517.JPG,0
2518.JPG,0
2519.JPG,0
2520.JPG,0
2521.JPG,0
2522.JPG,0
2523.JPG,0
2524.JPG,0
2525.JPG,0
2526.JPG,0
2527.JPG,0
2528.JPG,0
2529.JPG,0
2530.JPG,0
2531.JPG,0
2532.JPG,0
2533.JPG,0
2534.JPG,0
2535.JPG,0
2536.JPG,0
2537.JPG,0
2538.JPG,0
2539.JPG,0
2540.JPG,0
2541.JPG,0
2542.JPG,0
2543.JPG,0
2544.JPG,0
2545.JPG,0
2546.JPG,0
2547.JPG,0
2548.JPG,0
2549.JPG,0
2550.jpg,0
2551.JPG,0
2552.JPG,0
2553.JPG,0
2554.JPG,0
2555.JPG,0
2556.JPG,0
2557.JPG,0
2558.jpg,0
2559.JPG,0
2560.JPG,0
2561.JPG,0
2562.JPG,0
2563.JPG,0
2564.JPG,0
2565.JPG,0
2566.JPG,0
2567.JPG,0
2568.JPG,0
2569.JPG,0
2570.JPG,0
2571.JPG,0
2572.JPG,0
2573.JPG,0
2574.JPG,0
2575.JPG,0
2576.JPG,0
2577.JPG,0
2578.JPG,0
2579.JPG,0
2580.JPG,0
2581.JPG,0
2582.JPG,0
2583.JPG,0
2584.JPG,0
2585.JPG,0
2586.JPG,0
2587.JPG,0
2588.JPG,0
2589.JPG,0
2590.JPG,0
2591.JPG,0
2592.JPG,0
2593.JPG,0
2594.JPG,0
2595.JPG,0
2596.JPG,0
2597.JPG,0
2598.JPG,0
2599.JPG,0
2600.JPG,0
2601.JPG,0
2602.JPG,0
2603.JPG,0
2604.JPG,0
2605.JPG,0
2606.JPG,0
2607.JPG,0
2608.JPG,0
2609.JPG,0
2610.JPG,0
2611.JPG,0
2612.JPG,0
2613.JPG,0
2614.JPG,0
2615.JPG,0
2616.JPG,0
2617.JPG,0
2618.JPG,0
2619.JPG,0
2620.JPG,0
2621.JPG,0
2622.JPG,0
2623.JPG,0
2624.JPG,0
2625.JPG,0
2626.JPG,0
2627.JPG,0
2628.JPG,0
2629.JPG,0
2630.JPG,0
2631.JPG,0
2632.JPG,0
2633.JPG,0
2634.JPG,0
2635.JPG,0
2636.JPG,0
2637.JPG,0
2638.JPG,0
2639.JPG,0
2640.JPG,0
2641.JPG,0
2642.JPG,0
2643.JPG,0
2644.JPG,0
2645.JPG,0
2646.JPG,0
2647.JPG,0
2648.JPG,0
2649.JPG,0
2650.JPG,0
2651.JPG,0
2652.JPG,0
2653.JPG,0
2654.JPG,0
2655.JPG,0
2656.JPG,0
2657.JPG,0
2658.JPG,0
2659.JPG,0
2660.JPG,0
2661.JPG,0
2662.JPG,0
2663.JPG,0
2664.JPG,0
2665.JPG,0
2666.JPG,0
2667.JPG,0
2668.JPG,0
2669.JPG,0
2670.JPG,0
2671.JPG,0
2672.JPG,0
2673.JPG,0
2674.JPG,0
2675.JPG,0
2676.JPG,0
2677.JPG,0
2678.JPG,0
2679.JPG,0
2680.JPG,0
2681.JPG,0
2682.JPG,0
2683.JPG,0
2684.JPG,0
2685.JPG,0
2686.JPG,0
2687.JPG,0
2688.JPG,0
2689.JPG,0
2690.JPG,0
2691.JPG,0
2692.JPG,0
2693.JPG,0
2694.JPG,0
2695.JPG,0
2696.JPG,0
2697.JPG,0
2698.JPG,0
2699.JPG,0
2700.JPG,0
2701.jpg,0
2702.JPG,0
2703.JPG,0
2704.JPG,0
2705.JPG,0
2706.JPG,0
2707.JPG,0
2708.JPG,0
2709.JPG,0
2710.JPG,0
2711.JPG,0
2712.JPG,0
2713.JPG,0
2714.JPG,0
2715.JPG,0
2716.JPG,0
2717.JPG,0
2718.JPG,0
2719.JPG,0
2720.JPG,0
2721.JPG,0
2722.JPG,0
2723.JPG,0
2724.JPG,0
2725.JPG,0
2726.JPG,0
2727.JPG,0
2728.JPG,0
2729.JPG,0
2730.JPG,0
2731.JPG,0
2732.JPG,0
2733.JPG,0
2734.JPG,0
2735.JPG,0
2736.JPG,0
2737.JPG,0
2738.JPG,0
2739.JPG,0
2740.JPG,0
2741.JPG,0
2742.JPG,0
2743.JPG,0
2744.JPG,0
2745.JPG,0
2746.JPG,0
2747.JPG,0
2748.JPG,0
2749.JPG,0
2750.JPG,0
2751.JPG,0
2752.JPG,0
2753.JPG,0
2754.JPG,0
2755.JPG,0
2756.JPG,0
2757.JPG,0
2758.JPG,0
2759.JPG,0
2760.JPG,0
2761.JPG,0
2762.JPG,0
2763.JPG,0
2764.JPG,0
2765.JPG,0
2766.JPG,0
2767.JPG,0
2768.JPG,0
2769.JPG,0
2770.JPG,0
2771.JPG,0
2772.JPG,0
2773.JPG,0
2774.JPG,0
2775.JPG,0
2776.JPG,0
2777.JPG,0
2778.JPG,0
2779.JPG,0
2780.JPG,0
2781.JPG,0
2782.JPG,0
2783.JPG,0
2784.JPG,0
2785.JPG,0
2786.JPG,0
2787.JPG,0
2788.JPG,0
2789.JPG,0
2790.JPG,0
2791.JPG,0
2792.JPG,0
2793.JPG,0
2794.JPG,0
2795.JPG,0
2796.JPG,0
2797.JPG,0
2798.JPG,0
2799.JPG,0
2800.JPG,0
2801.JPG,0
2802.JPG,0
2803.JPG,0
2804.JPG,0
2805.JPG,0
2806.JPG,0
2807.JPG,0
2808.JPG,0
2809.JPG,0
2810.JPG,0
2811.JPG,0
2812.JPG,0
2813.JPG,0
2814.JPG,0
2815.JPG,0
2816.JPG,0
2817.JPG,0
2818.JPG,0
2819.JPG,0
2820.JPG,0
2821.JPG,0
2822.JPG,0
2823.JPG,0
2824.JPG,0
2825.JPG,0
2826.JPG,0
2827.JPG,0
2828.JPG,0
2829.JPG,0
2830.JPG,0
2831.JPG,0
2832.JPG,0
2833.JPG,0
2834.JPG,0
2835.JPG,0
2836.JPG,0
2837.JPG,0
2838.JPG,0
2839.JPG,0
2840.JPG,0
2841.JPG,0
2842.JPG,0
2843.JPG,0
2844.JPG,0
2845.JPG,0
2846.JPG,0
2847.JPG,0
2848.JPG,0
2849.JPG,0
2850.JPG,0
2851.JPG,0
2852.JPG,0
2853.JPG,0
2854.JPG,0
2855.JPG,0
2856.JPG,0
2857.JPG,0
2858.JPG,0
2859.JPG,0
2860.JPG,0
2861.JPG,0
2862.JPG,0
2863.JPG,0
2864.JPG,0
2865.JPG,0
2866.JPG,0
2867.JPG,0
2868.JPG,0
2869.JPG,0
2870.JPG,0
2871.JPG,0
2872.JPG,0
2873.JPG,0
2874.JPG,0
2875.JPG,0
2876.JPG,0
2877.JPG,0
2878.JPG,0
2879.JPG,0
2880.JPG,0
2881.JPG,0
2882.JPG,0
2883.JPG,0
2884.JPG,0
2885.JPG,0
2886.JPG,0
2887.JPG,0
2888.JPG,0
2889.JPG,0
2890.JPG,0
2891.JPG,0
2892.JPG,0
2893.JPG,0
2894.JPG,0
2895.JPG,0
2896.JPG,0
2897.JPG,0
2898.JPG,0
2899.JPG,0
2900.JPG,0
2901.JPG,0
2902.JPG,0
2903.JPG,0
2904.JPG,0
2905.JPG,0
2906.JPG,0
2907.JPG,0
2908.JPG,0
2909.JPG,0
2910.JPG,0
2911.JPG,0
2912.JPG,0
2913.JPG,0
2914.JPG,0
2915.JPG,0
2916.JPG,0
2917.JPG,0
2918.JPG,0
2919.JPG,0
2920.JPG,0
2921.JPG,0
2922.JPG,0
2923.JPG,0
2924.JPG,0
2925.JPG,0
2926.JPG,0
2927.JPG,0
2928.JPG,0
2929.JPG,0
2930.JPG,0
2931.JPG,0
2932.JPG,0
2933.JPG,0
2934.JPG,0
2935.JPG,0
2936.JPG,0
2937.JPG,0
2938.JPG,0
2939.JPG,0
2940.JPG,0
2941.JPG,0
2942.JPG,0
2943.JPG,0
2944.JPG,0
2945.JPG,0
2946.JPG,0
2947.JPG,0
2948.JPG,0
2949.JPG,0
2950.JPG,0
2951.JPG,0
2952.JPG,0
2953.JPG,0
2954.JPG,0
2955.JPG,0
2956.JPG,0
2957.JPG,0
2958.JPG,0
2959.JPG,0
2960.JPG,0
2961.JPG,0
2962.JPG,0
2963.JPG,0
2964.JPG,0
2965.JPG,0
2966.JPG,0
2967.JPG,0
2968.JPG,0
2969.JPG,0
2970.JPG,0
2971.JPG,0
2972.JPG,0
2973.JPG,0
2974.JPG,0
2975.JPG,0
2976.JPG,0
2977.JPG,0
2978.JPG,0
2979.JPG,0
2980.JPG,0
2981.JPG,0
2982.JPG,0
2983.JPG,0
2984.JPG,0
2985.JPG,0
2986.JPG,0
2987.JPG,0
2988.JPG,0
2989.JPG,0
2990.JPG,0
2991.JPG,0
2992.JPG,0
2993.JPG,0
2994.JPG,0
2995.JPG,0
2996.JPG,0
2997.JPG,0
2998.JPG,0
2999.JPG,0
3000.jpg,0
3001.JPG,0
3002.JPG,0
3003.JPG,0
3004.JPG,0
3005.JPG,0
3006.JPG,0
3007.JPG,0
3008.JPG,0
3009.JPG,0
3010.JPG,0
3011.JPG,0
3012.JPG,0
3013.JPG,0
3014.JPG,0
3015.JPG,0
3016.JPG,0
3017.JPG,0
3018.JPG,0
3019.JPG,0
3020.JPG,0
3021.JPG,0
3022.JPG,0
3023.JPG,0
3024.JPG,0
3025.JPG,0
3026.JPG,0
3027.JPG,0
3028.JPG,0
3029.JPG,0
3030.JPG,0
3031.JPG,0
3032.JPG,0
3033.JPG,0
3034.JPG,0
3035.JPG,0
3036.JPG,0
3037.JPG,0
3038.JPG,0
3039.JPG,0
3040.JPG,0
3041.JPG,0
3042.JPG,0
3043.JPG,0
3044.JPG,0
3045.JPG,0
3046.JPG,0
3047.JPG,0
3048.JPG,0
3049.JPG,0
3050.JPG,0
3051.JPG,0
3052.JPG,0
3053.JPG,0
3054.JPG,0
3055.JPG,0
3056.JPG,0
3057.JPG,0
3058.JPG,0
3059.JPG,0
3060.JPG,0
3061.JPG,0
3062.JPG,0
3063.JPG,0
3064.JPG,0
3065.JPG,0
3066.JPG,0
3067.JPG,0
3068.JPG,0
3069.JPG,0
3070.JPG,0
3071.JPG,0
3072.JPG,0
3073.JPG,0
3074.JPG,0
3075.JPG,0
3076.JPG,0
3077.JPG,0
3078.JPG,0
3079.JPG,0
3080.JPG,0
3081.JPG,0
3082.JPG,0
3083.JPG,0
3084.JPG,0
3085.JPG,0
3086.JPG,0
3087.JPG,0
3088.JPG,0
3089.JPG,0
3090.JPG,0
3091.JPG,0
3092.jpg,0
3093.JPG,0
3094.JPG,0
3095.JPG,0
3096.JPG,0
3097.JPG,0
3098.JPG,0
3099.JPG,0
3100.JPG,0
3101.JPG,0
3102.JPG,0
3103.JPG,0
3104.JPG,0
3105.JPG,0
3106.JPG,0
3107.JPG,0
3108.JPG,0
3109.JPG,0
3110.JPG,0
3111.JPG,0
3112.JPG,0
3113.JPG,0
3114.JPG,0
3115.JPG,0
3116.JPG,0
3117.JPG,0
3118.JPG,0
3119.JPG,0
3120.JPG,0
3121.JPG,0
3122.JPG,0
3123.JPG,0
3124.JPG,0
3125.JPG,0
3126.JPG,0
3127.JPG,0
3128.JPG,0
3129.JPG,0
3130.JPG,0
3131.JPG,0
3132.JPG,0
3133.JPG,0
3134.JPG,0
3135.JPG,0
3136.JPG,0
3137.JPG,0
3138.JPG,0
3139.JPG,0
3140.JPG,0
3141.JPG,0
3142.JPG,0
3143.JPG,0
3144.JPG,0
3145.JPG,0
3146.JPG,0
3147.JPG,0
3148.JPG,0
3149.JPG,0
3150.JPG,0
3151.JPG,0
3152.JPG,0
3153.JPG,0
3154.JPG,0
3155.JPG,0
3156.JPG,0
3157.JPG,0
3158.JPG,0
3159.JPG,0
3160.JPG,0
3161.JPG,0
3162.JPG,0
3163.JPG,0
3164.JPG,0
3165.JPG,0
3166.JPG,0
3167.JPG,0
3168.JPG,0
3169.JPG,0
3170.JPG,0
3171.JPG,0
3172.JPG,0
3173.JPG,0
3174.JPG,0
3175.JPG,0
3176.JPG,0
3177.JPG,0
3178.JPG,0
3179.JPG,0
3180.JPG,0
3181.JPG,0
3182.JPG,0
3183.JPG,0
3184.JPG,0
3185.JPG,0
3186.JPG,0
3187.JPG,0
3188.JPG,0
3189.JPG,0
3190.JPG,0
3191.JPG,0
3192.JPG,0
3193.JPG,0
3194.JPG,0
3195.JPG,0
3196.JPG,0
3197.JPG,0
3198.JPG,0
3199.JPG,0
3200.JPG,0
3201.JPG,0
3202.JPG,0
3203.JPG,0
3204.JPG,0
3205.JPG,0
3206.JPG,0
3207.JPG,0
3208.JPG,0
3209.JPG,0
3210.JPG,0
3211.JPG,0
3212.JPG,0
3213.JPG,0
3214.JPG,0
3215.JPG,0
3216.JPG,0
3217.JPG,0
3218.JPG,0
3219.JPG,0
3220.JPG,0
3221.JPG,0
3222.JPG,0
3223.JPG,0
3224.JPG,0
3225.JPG,0
3226.JPG,0
3227.JPG,0
3228.JPG,0
3229.JPG,0
3230.JPG,0
3231.JPG,0
3232.JPG,0
3233.JPG,0
3234.JPG,0
3235.JPG,0
3236.JPG,0
3237.JPG,0
3238.JPG,0
3239.JPG,0
3240.JPG,0
3241.JPG,0
3242.JPG,0
3243.JPG,0
3244.JPG,0
3245.JPG,0
3246.JPG,0
3247.JPG,0
3248.JPG,0
3249.JPG,0
3250.JPG,0
3251.JPG,0
3252.JPG,0
3253.JPG,0
3254.JPG,0
3255.JPG,0
3256.JPG,0
3257.JPG,0
3258.JPG,0
3259.JPG,0
3260.JPG,0
3261.JPG,0
3262.JPG,0
3263.JPG,0
3264.JPG,0
3265.JPG,0
3266.JPG,0
3267.JPG,0
3268.JPG,0
3269.JPG,0
3270.JPG,0
3271.JPG,0
3272.JPG,0
3273.JPG,0
3274.JPG,0
3275.JPG,0
3276.JPG,0
3277.JPG,0
3278.JPG,0
3279.JPG,0
3280.JPG,0
3281.JPG,0
3282.JPG,0
3283.JPG,0
3284.JPG,0
3285.JPG,0
3286.jpg,0
3287.JPG,0
3288.JPG,0
3289.JPG,0
3290.JPG,0
3291.JPG,0
3292.JPG,0
3293.JPG,0
3294.JPG,0
3295.JPG,0
3296.JPG,0
3297.JPG,0
3298.JPG,0
3299.JPG,0
3300.JPG,0
3301.JPG,0
3302.JPG,0
3303.JPG,0
3304.JPG,0
3305.JPG,0
3306.JPG,0
3307.JPG,0
3308.JPG,0
3309.JPG,0
3310.JPG,0
3311.JPG,0
3312.JPG,0
3313.JPG,0
3314.JPG,0
3315.JPG,0
3316.JPG,0
3317.JPG,0
3318.JPG,0
3319.JPG,0
3320.jpg,0
3321.JPG,0
3322.JPG,0
3323.JPG,0
3324.JPG,0
3325.JPG,0
3326.JPG,0
3327.JPG,0
3328.JPG,0
3329.JPG,0
3330.JPG,0
3331.JPG,0
3332.JPG,0
3333.JPG,0
3334.JPG,0
3335.JPG,0
3336.JPG,0
3337.JPG,0
3338.JPG,0
3339.JPG,0
3340.JPG,0
3341.JPG,0
3342.JPG,0
3343.JPG,0
3344.JPG,0
3345.JPG,0
3346.JPG,0
3347.JPG,0
3348.JPG,0
3349.JPG,0
3350.JPG,0
3351.JPG,0
3352.JPG,0
3353.JPG,0
3354.JPG,0
3355.JPG,0
3356.JPG,0
3357.JPG,0
3358.JPG,0
3359.JPG,0
3360.JPG,0
3361.JPG,0
3362.JPG,0
3363.JPG,0
3364.JPG,0
3365.JPG,0
3366.JPG,0
3367.JPG,0
3368.JPG,0
3369.JPG,0
3370.JPG,0
3371.jpg,0
3372.JPG,0
3373.JPG,0
3374.JPG,0
3375.JPG,0
3376.JPG,0
3377.JPG,0
3378.JPG,0
3379.JPG,0
3380.JPG,0
3381.JPG,0
3382.JPG,0
3383.JPG,0
3384.JPG,0
3385.JPG,0
3386.JPG,0
3387.JPG,0
3388.JPG,0
3389.JPG,0
3390.JPG,0
3391.JPG,0
3392.JPG,0
3393.JPG,0
3394.JPG,0
3395.JPG,0
3396.JPG,0
3397.JPG,0
3398.JPG,0
3399.JPG,0
3400.JPG,0
3401.JPG,0
3402.JPG,0
3403.JPG,0
3404.JPG,0
3405.JPG,0
3406.JPG,0
3407.JPG,0
3408.JPG,0
3409.JPG,0
3410.JPG,0
3411.JPG,0
3412.JPG,0
3413.JPG,0
3414.JPG,0
3415.JPG,0
3416.JPG,0
3417.JPG,0
3418.JPG,0
3419.JPG,0
3420.JPG,0
3421.JPG,0
3422.JPG,0
3423.JPG,0
3424.JPG,0
3425.JPG,0
3426.JPG,0
3427.JPG,0
3428.JPG,0
3429.JPG,0
3430.JPG,0
3431.JPG,0
3432.JPG,0
3433.JPG,0
3434.JPG,0
3435.JPG,0
